DELAY,ERROR COUNT,Wed Apr 12 14:39:27 2017
0001,00,Wed Apr 12 14:39:29 2017
0001,00,Wed Apr 12 14:39:33 2017
0001,00,Wed Apr 12 14:39:37 2017
0001,00,Wed Apr 12 14:39:41 2017
0001,00,Wed Apr 12 14:39:46 2017
0000,00,Wed Apr 12 14:39:50 2017
0001,00,Wed Apr 12 14:39:54 2017
0001,00,Wed Apr 12 14:39:58 2017
0000,00,Wed Apr 12 14:40:03 2017
0000,00,Wed Apr 12 14:40:07 2017
0000,00,Wed Apr 12 14:40:11 2017
0000,00,Wed Apr 12 14:40:16 2017
0000,00,Wed Apr 12 14:40:20 2017
0000,00,Wed Apr 12 14:40:24 2017
0001,00,Wed Apr 12 14:40:28 2017
0000,00,Wed Apr 12 14:40:33 2017
0001,00,Wed Apr 12 14:40:37 2017
0001,00,Wed Apr 12 14:40:41 2017
0001,00,Wed Apr 12 14:40:45 2017
0000,00,Wed Apr 12 14:40:50 2017
0000,00,Wed Apr 12 14:40:54 2017
0000,00,Wed Apr 12 14:40:58 2017
0001,00,Wed Apr 12 14:41:02 2017
0001,00,Wed Apr 12 14:41:07 2017
0001,00,Wed Apr 12 14:41:11 2017
0001,00,Wed Apr 12 14:41:15 2017
0001,00,Wed Apr 12 14:41:20 2017
0000,00,Wed Apr 12 14:41:24 2017
0000,00,Wed Apr 12 14:41:28 2017
0000,00,Wed Apr 12 14:41:32 2017
0000,00,Wed Apr 12 14:41:37 2017
0001,00,Wed Apr 12 14:41:41 2017
0000,00,Wed Apr 12 14:41:45 2017
0001,00,Wed Apr 12 14:41:49 2017
0000,00,Wed Apr 12 14:41:54 2017
0001,00,Wed Apr 12 14:41:58 2017
0001,00,Wed Apr 12 14:42:02 2017
0001,00,Wed Apr 12 14:42:06 2017
0001,00,Wed Apr 12 14:42:11 2017
0001,00,Wed Apr 12 14:42:15 2017
0000,00,Wed Apr 12 14:42:19 2017
0001,00,Wed Apr 12 14:42:24 2017
0001,00,Wed Apr 12 14:42:28 2017
0000,00,Wed Apr 12 14:42:32 2017
0001,00,Wed Apr 12 14:42:36 2017
0000,00,Wed Apr 12 14:42:41 2017
0001,00,Wed Apr 12 14:42:45 2017
0001,00,Wed Apr 12 14:42:49 2017
0001,00,Wed Apr 12 14:42:53 2017
0001,00,Wed Apr 12 14:42:58 2017
0000,00,Wed Apr 12 14:43:02 2017
0000,00,Wed Apr 12 14:43:06 2017
0001,00,Wed Apr 12 14:43:10 2017
0000,00,Wed Apr 12 14:43:15 2017
0001,00,Wed Apr 12 14:43:19 2017
0000,00,Wed Apr 12 14:43:23 2017
0001,00,Wed Apr 12 14:43:28 2017
0000,00,Wed Apr 12 14:43:32 2017
0000,00,Wed Apr 12 14:43:36 2017
0001,00,Wed Apr 12 14:43:40 2017
0001,00,Wed Apr 12 14:43:45 2017
0000,00,Wed Apr 12 14:43:49 2017
0001,00,Wed Apr 12 14:43:53 2017
0001,00,Wed Apr 12 14:43:57 2017
0000,00,Wed Apr 12 14:44:02 2017
0001,00,Wed Apr 12 14:44:06 2017
0001,00,Wed Apr 12 14:44:10 2017
0001,00,Wed Apr 12 14:44:14 2017
0001,00,Wed Apr 12 14:44:19 2017
0001,00,Wed Apr 12 14:44:23 2017
0000,00,Wed Apr 12 14:44:27 2017
0000,00,Wed Apr 12 14:44:32 2017
0001,00,Wed Apr 12 14:44:36 2017
0001,00,Wed Apr 12 14:44:40 2017
0000,00,Wed Apr 12 14:44:44 2017
0000,00,Wed Apr 12 14:44:49 2017
0001,00,Wed Apr 12 14:44:53 2017
0000,00,Wed Apr 12 14:44:57 2017
0001,00,Wed Apr 12 14:45:01 2017
0000,00,Wed Apr 12 14:45:06 2017
0001,00,Wed Apr 12 14:45:10 2017
0000,00,Wed Apr 12 14:45:14 2017
0001,00,Wed Apr 12 14:45:18 2017
0001,00,Wed Apr 12 14:45:23 2017
0000,00,Wed Apr 12 14:45:27 2017
0001,00,Wed Apr 12 14:45:31 2017
0001,00,Wed Apr 12 14:45:36 2017
0001,00,Wed Apr 12 14:45:40 2017
0000,00,Wed Apr 12 14:45:44 2017
0001,00,Wed Apr 12 14:45:48 2017
0001,00,Wed Apr 12 14:45:53 2017
0001,00,Wed Apr 12 14:45:57 2017
0001,00,Wed Apr 12 14:46:01 2017
0000,00,Wed Apr 12 14:46:05 2017
0001,00,Wed Apr 12 14:46:10 2017
0000,00,Wed Apr 12 14:46:14 2017
0001,00,Wed Apr 12 14:46:18 2017
0001,00,Wed Apr 12 14:46:22 2017
0000,00,Wed Apr 12 14:46:27 2017
0001,00,Wed Apr 12 14:46:31 2017
0001,00,Wed Apr 12 14:46:35 2017
0001,00,Wed Apr 12 14:46:40 2017
0001,00,Wed Apr 12 14:46:44 2017
0001,00,Wed Apr 12 14:46:48 2017
0001,00,Wed Apr 12 14:46:52 2017
0000,00,Wed Apr 12 14:46:57 2017
0001,00,Wed Apr 12 14:47:01 2017
0001,00,Wed Apr 12 14:47:05 2017
0000,00,Wed Apr 12 14:47:09 2017
0000,00,Wed Apr 12 14:47:14 2017
0001,00,Wed Apr 12 14:47:18 2017
0001,00,Wed Apr 12 14:47:22 2017
0001,00,Wed Apr 12 14:47:26 2017
0001,00,Wed Apr 12 14:47:31 2017
0000,00,Wed Apr 12 14:47:35 2017
0000,00,Wed Apr 12 14:47:39 2017
0001,00,Wed Apr 12 14:47:44 2017
0000,00,Wed Apr 12 14:47:48 2017
0001,00,Wed Apr 12 14:47:52 2017
0000,00,Wed Apr 12 14:47:56 2017
0001,00,Wed Apr 12 14:48:01 2017
0001,00,Wed Apr 12 14:48:05 2017
0000,00,Wed Apr 12 14:48:09 2017
0000,00,Wed Apr 12 14:48:13 2017
0000,00,Wed Apr 12 14:48:18 2017
0001,00,Wed Apr 12 14:48:22 2017
0001,00,Wed Apr 12 14:48:26 2017
0000,00,Wed Apr 12 14:48:30 2017
0001,00,Wed Apr 12 14:48:35 2017
0001,00,Wed Apr 12 14:48:39 2017
0000,00,Wed Apr 12 14:48:43 2017
0000,00,Wed Apr 12 14:48:48 2017
0001,00,Wed Apr 12 14:48:52 2017
0001,00,Wed Apr 12 14:48:56 2017
0001,00,Wed Apr 12 14:49:00 2017
0001,00,Wed Apr 12 14:49:05 2017
0001,00,Wed Apr 12 14:49:09 2017
0001,00,Wed Apr 12 14:49:13 2017
0001,00,Wed Apr 12 14:49:17 2017
0001,00,Wed Apr 12 14:49:22 2017
0001,00,Wed Apr 12 14:49:26 2017
0001,00,Wed Apr 12 14:49:30 2017
0001,00,Wed Apr 12 14:49:34 2017
0001,00,Wed Apr 12 14:49:39 2017
0000,00,Wed Apr 12 14:49:43 2017
0001,00,Wed Apr 12 14:49:47 2017
0001,00,Wed Apr 12 14:49:52 2017
0001,00,Wed Apr 12 14:49:56 2017
0000,00,Wed Apr 12 14:50:00 2017
0001,00,Wed Apr 12 14:50:04 2017
0001,00,Wed Apr 12 14:50:09 2017
0001,00,Wed Apr 12 14:50:13 2017
0001,00,Wed Apr 12 14:50:17 2017
0001,00,Wed Apr 12 14:50:21 2017
0001,00,Wed Apr 12 14:50:26 2017
0000,00,Wed Apr 12 14:50:30 2017
0000,00,Wed Apr 12 14:50:34 2017
0000,00,Wed Apr 12 14:50:38 2017
0001,00,Wed Apr 12 14:50:43 2017
0000,00,Wed Apr 12 14:50:47 2017
0000,00,Wed Apr 12 14:50:51 2017
0001,00,Wed Apr 12 14:50:56 2017
0001,00,Wed Apr 12 14:51:00 2017
0001,00,Wed Apr 12 14:51:04 2017
0001,00,Wed Apr 12 14:51:08 2017
0001,00,Wed Apr 12 14:51:13 2017
0001,00,Wed Apr 12 14:51:17 2017
0000,00,Wed Apr 12 14:51:21 2017
0000,00,Wed Apr 12 14:51:25 2017
0000,00,Wed Apr 12 14:51:30 2017
0001,00,Wed Apr 12 14:51:34 2017
0001,00,Wed Apr 12 14:51:38 2017
0000,00,Wed Apr 12 14:51:42 2017
0000,00,Wed Apr 12 14:51:47 2017
0001,00,Wed Apr 12 14:51:51 2017
0001,00,Wed Apr 12 14:51:55 2017
0000,00,Wed Apr 12 14:52:00 2017
0001,00,Wed Apr 12 14:52:04 2017
0000,00,Wed Apr 12 14:52:08 2017
0001,00,Wed Apr 12 14:52:12 2017
0001,00,Wed Apr 12 14:52:17 2017
0001,00,Wed Apr 12 14:52:21 2017
0000,00,Wed Apr 12 14:52:25 2017
0001,00,Wed Apr 12 14:52:29 2017
0001,00,Wed Apr 12 14:52:34 2017
0001,00,Wed Apr 12 14:52:38 2017
0001,00,Wed Apr 12 14:52:42 2017
0000,00,Wed Apr 12 14:52:46 2017
0000,00,Wed Apr 12 14:52:51 2017
0000,00,Wed Apr 12 14:52:55 2017
0001,00,Wed Apr 12 14:52:59 2017
0000,00,Wed Apr 12 14:53:04 2017
0001,00,Wed Apr 12 14:53:08 2017
0000,00,Wed Apr 12 14:53:12 2017
0000,00,Wed Apr 12 14:53:16 2017
0000,00,Wed Apr 12 14:53:21 2017
0001,00,Wed Apr 12 14:53:25 2017
0001,00,Wed Apr 12 14:53:29 2017
0001,00,Wed Apr 12 14:53:33 2017
0001,00,Wed Apr 12 14:53:38 2017
0000,00,Wed Apr 12 14:53:42 2017
0001,00,Wed Apr 12 14:53:46 2017
0000,00,Wed Apr 12 14:53:50 2017
0001,00,Wed Apr 12 14:53:55 2017
0000,00,Wed Apr 12 14:53:59 2017
0001,00,Wed Apr 12 14:54:03 2017
0000,00,Wed Apr 12 14:54:08 2017
0001,00,Wed Apr 12 14:54:12 2017
0000,00,Wed Apr 12 14:54:16 2017
0001,00,Wed Apr 12 14:54:20 2017
0001,00,Wed Apr 12 14:54:25 2017
0001,00,Wed Apr 12 14:54:29 2017
0001,00,Wed Apr 12 14:54:33 2017
0001,00,Wed Apr 12 14:54:37 2017
0000,00,Wed Apr 12 14:54:42 2017
0001,00,Wed Apr 12 14:54:46 2017
0001,00,Wed Apr 12 14:54:50 2017
0000,00,Wed Apr 12 14:54:54 2017
0001,00,Wed Apr 12 14:54:59 2017
0001,00,Wed Apr 12 14:55:03 2017
0001,00,Wed Apr 12 14:55:07 2017
0001,00,Wed Apr 12 14:55:12 2017
0000,00,Wed Apr 12 14:55:16 2017
0001,00,Wed Apr 12 14:55:20 2017
0000,00,Wed Apr 12 14:55:24 2017
0001,00,Wed Apr 12 14:55:29 2017
0001,00,Wed Apr 12 14:55:33 2017
0001,00,Wed Apr 12 14:55:37 2017
0000,00,Wed Apr 12 14:55:41 2017
0000,00,Wed Apr 12 14:55:46 2017
0001,00,Wed Apr 12 14:55:50 2017
0001,00,Wed Apr 12 14:55:54 2017
0001,00,Wed Apr 12 14:55:58 2017
0001,00,Wed Apr 12 14:56:03 2017
0000,00,Wed Apr 12 14:56:07 2017
0001,00,Wed Apr 12 14:56:11 2017
0001,00,Wed Apr 12 14:56:16 2017
0001,00,Wed Apr 12 14:56:20 2017
0001,00,Wed Apr 12 14:56:24 2017
0001,00,Wed Apr 12 14:56:28 2017
0001,00,Wed Apr 12 14:56:33 2017
0001,00,Wed Apr 12 14:56:37 2017
0001,00,Wed Apr 12 14:56:41 2017
0001,00,Wed Apr 12 14:56:45 2017
0001,00,Wed Apr 12 14:56:50 2017
0001,00,Wed Apr 12 14:56:54 2017
0000,00,Wed Apr 12 14:56:58 2017
0001,00,Wed Apr 12 14:57:02 2017
0001,00,Wed Apr 12 14:57:07 2017
0001,00,Wed Apr 12 14:57:11 2017
0001,00,Wed Apr 12 14:57:15 2017
0001,00,Wed Apr 12 14:57:20 2017
0001,00,Wed Apr 12 14:57:24 2017
0000,00,Wed Apr 12 14:57:28 2017
0001,00,Wed Apr 12 14:57:32 2017
0001,00,Wed Apr 12 14:57:37 2017
0000,00,Wed Apr 12 14:57:41 2017
0001,00,Wed Apr 12 14:57:45 2017
0000,00,Wed Apr 12 14:57:49 2017
0001,00,Wed Apr 12 14:57:54 2017
0001,00,Wed Apr 12 14:57:58 2017
0001,00,Wed Apr 12 14:58:02 2017
0000,00,Wed Apr 12 14:58:06 2017
0001,00,Wed Apr 12 14:58:11 2017
0000,00,Wed Apr 12 14:58:15 2017
0001,00,Wed Apr 12 14:58:19 2017
0001,00,Wed Apr 12 14:58:24 2017
0000,00,Wed Apr 12 14:58:28 2017
0001,00,Wed Apr 12 14:58:32 2017
0000,00,Wed Apr 12 14:58:36 2017
0001,00,Wed Apr 12 14:58:41 2017
0000,00,Wed Apr 12 14:58:45 2017
0000,00,Wed Apr 12 14:58:49 2017
0000,00,Wed Apr 12 14:58:53 2017
0001,00,Wed Apr 12 14:58:58 2017
0001,00,Wed Apr 12 14:59:02 2017
0001,00,Wed Apr 12 14:59:06 2017
0000,00,Wed Apr 12 14:59:10 2017
0001,00,Wed Apr 12 14:59:15 2017
0000,00,Wed Apr 12 14:59:19 2017
0001,00,Wed Apr 12 14:59:23 2017
0001,00,Wed Apr 12 14:59:28 2017
0001,00,Wed Apr 12 14:59:32 2017
0000,00,Wed Apr 12 14:59:36 2017
0001,00,Wed Apr 12 14:59:40 2017
0000,00,Wed Apr 12 14:59:45 2017
0001,00,Wed Apr 12 14:59:49 2017
0001,00,Wed Apr 12 14:59:53 2017
0000,00,Wed Apr 12 14:59:57 2017
0001,00,Wed Apr 12 15:00:02 2017
0000,00,Wed Apr 12 15:00:06 2017
0001,00,Wed Apr 12 15:00:10 2017
0000,00,Wed Apr 12 15:00:14 2017
0000,00,Wed Apr 12 15:00:19 2017
0000,00,Wed Apr 12 15:00:23 2017
0001,00,Wed Apr 12 15:00:27 2017
0001,00,Wed Apr 12 15:00:32 2017
0001,00,Wed Apr 12 15:00:36 2017
0001,00,Wed Apr 12 15:00:40 2017
0001,00,Wed Apr 12 15:00:44 2017
0000,00,Wed Apr 12 15:00:49 2017
0001,00,Wed Apr 12 15:00:53 2017
0000,00,Wed Apr 12 15:00:57 2017
0000,00,Wed Apr 12 15:01:01 2017
0001,00,Wed Apr 12 15:01:06 2017
0000,00,Wed Apr 12 15:01:10 2017
0001,00,Wed Apr 12 15:01:14 2017
0000,00,Wed Apr 12 15:01:18 2017
0001,00,Wed Apr 12 15:01:23 2017
0001,00,Wed Apr 12 15:01:27 2017
0000,00,Wed Apr 12 15:01:31 2017
0001,00,Wed Apr 12 15:01:36 2017
0000,00,Wed Apr 12 15:01:40 2017
0001,00,Wed Apr 12 15:01:44 2017
0001,00,Wed Apr 12 15:01:48 2017
0001,00,Wed Apr 12 15:01:53 2017
0001,00,Wed Apr 12 15:01:57 2017
0001,00,Wed Apr 12 15:02:01 2017
0001,00,Wed Apr 12 15:02:05 2017
0001,00,Wed Apr 12 15:02:10 2017
0001,00,Wed Apr 12 15:02:14 2017
0001,00,Wed Apr 12 15:02:18 2017
0001,00,Wed Apr 12 15:02:22 2017
0001,00,Wed Apr 12 15:02:27 2017
0001,00,Wed Apr 12 15:02:31 2017
0000,00,Wed Apr 12 15:02:35 2017
0000,00,Wed Apr 12 15:02:40 2017
0000,00,Wed Apr 12 15:02:44 2017
0000,00,Wed Apr 12 15:02:48 2017
0001,00,Wed Apr 12 15:02:52 2017
0000,00,Wed Apr 12 15:02:57 2017
0001,00,Wed Apr 12 15:03:01 2017
0001,00,Wed Apr 12 15:03:05 2017
0001,00,Wed Apr 12 15:03:09 2017
0000,00,Wed Apr 12 15:03:14 2017
0000,00,Wed Apr 12 15:03:18 2017
0001,00,Wed Apr 12 15:03:22 2017
0001,00,Wed Apr 12 15:03:26 2017
0001,00,Wed Apr 12 15:03:31 2017
0000,00,Wed Apr 12 15:03:35 2017
0001,00,Wed Apr 12 15:03:39 2017
0000,00,Wed Apr 12 15:03:44 2017
0000,00,Wed Apr 12 15:03:48 2017
0001,00,Wed Apr 12 15:03:52 2017
0001,00,Wed Apr 12 15:03:56 2017
0001,00,Wed Apr 12 15:04:01 2017
0001,00,Wed Apr 12 15:04:05 2017
0001,00,Wed Apr 12 15:04:09 2017
0000,00,Wed Apr 12 15:04:13 2017
0000,00,Wed Apr 12 15:04:18 2017
0001,00,Wed Apr 12 15:04:22 2017
0001,00,Wed Apr 12 15:04:26 2017
0000,00,Wed Apr 12 15:04:30 2017
0001,00,Wed Apr 12 15:04:35 2017
0001,00,Wed Apr 12 15:04:39 2017
0000,00,Wed Apr 12 15:04:43 2017
0001,00,Wed Apr 12 15:04:48 2017
0001,00,Wed Apr 12 15:04:52 2017
0001,00,Wed Apr 12 15:04:56 2017
0001,00,Wed Apr 12 15:05:00 2017
0001,00,Wed Apr 12 15:05:05 2017
0000,00,Wed Apr 12 15:05:09 2017
0001,00,Wed Apr 12 15:05:13 2017
0000,00,Wed Apr 12 15:05:17 2017
0001,00,Wed Apr 12 15:05:22 2017
0001,00,Wed Apr 12 15:05:26 2017
0001,00,Wed Apr 12 15:05:30 2017
0000,00,Wed Apr 12 15:05:34 2017
0001,00,Wed Apr 12 15:05:39 2017
0000,00,Wed Apr 12 15:05:43 2017
0000,00,Wed Apr 12 15:05:47 2017
0000,00,Wed Apr 12 15:05:52 2017
0001,00,Wed Apr 12 15:05:56 2017
0001,00,Wed Apr 12 15:06:00 2017
0001,00,Wed Apr 12 15:06:04 2017
0000,00,Wed Apr 12 15:06:09 2017
0001,00,Wed Apr 12 15:06:13 2017
0001,00,Wed Apr 12 15:06:17 2017
0001,00,Wed Apr 12 15:06:21 2017
0000,00,Wed Apr 12 15:06:26 2017
0001,00,Wed Apr 12 15:06:30 2017
0001,00,Wed Apr 12 15:06:34 2017
0000,00,Wed Apr 12 15:06:38 2017
0000,00,Wed Apr 12 15:06:43 2017
0001,00,Wed Apr 12 15:06:47 2017
0000,00,Wed Apr 12 15:06:51 2017
0001,00,Wed Apr 12 15:06:56 2017
0001,00,Wed Apr 12 15:07:00 2017
0001,00,Wed Apr 12 15:07:04 2017
0001,00,Wed Apr 12 15:07:08 2017
0000,00,Wed Apr 12 15:07:13 2017
0000,00,Wed Apr 12 15:07:17 2017
0001,00,Wed Apr 12 15:07:21 2017
0000,00,Wed Apr 12 15:07:25 2017
0000,00,Wed Apr 12 15:07:30 2017
0001,00,Wed Apr 12 15:07:34 2017
0001,00,Wed Apr 12 15:07:38 2017
0001,00,Wed Apr 12 15:07:43 2017
0000,00,Wed Apr 12 15:07:47 2017
0001,00,Wed Apr 12 15:07:51 2017
0001,00,Wed Apr 12 15:07:55 2017
0001,00,Wed Apr 12 15:08:00 2017
0001,00,Wed Apr 12 15:08:04 2017
0001,00,Wed Apr 12 15:08:08 2017
0001,00,Wed Apr 12 15:08:12 2017
0001,00,Wed Apr 12 15:08:17 2017
0000,00,Wed Apr 12 15:08:21 2017
0001,00,Wed Apr 12 15:08:25 2017
0000,00,Wed Apr 12 15:08:29 2017
0001,00,Wed Apr 12 15:08:34 2017
0001,00,Wed Apr 12 15:08:38 2017
0001,00,Wed Apr 12 15:08:42 2017
0000,00,Wed Apr 12 15:08:47 2017
0000,00,Wed Apr 12 15:08:51 2017
0001,00,Wed Apr 12 15:08:55 2017
0001,00,Wed Apr 12 15:08:59 2017
0000,00,Wed Apr 12 15:09:04 2017
0001,00,Wed Apr 12 15:09:08 2017
0000,00,Wed Apr 12 15:09:12 2017
0001,00,Wed Apr 12 15:09:16 2017
0001,00,Wed Apr 12 15:09:21 2017
0000,00,Wed Apr 12 15:09:25 2017
0001,00,Wed Apr 12 15:09:29 2017
0001,00,Wed Apr 12 15:09:33 2017
0001,00,Wed Apr 12 15:09:38 2017
0001,00,Wed Apr 12 15:09:42 2017
0001,00,Wed Apr 12 15:09:46 2017
0001,00,Wed Apr 12 15:09:51 2017
0001,00,Wed Apr 12 15:09:55 2017
0001,00,Wed Apr 12 15:09:59 2017
0000,00,Wed Apr 12 15:10:03 2017
0001,00,Wed Apr 12 15:10:08 2017
0001,00,Wed Apr 12 15:10:12 2017
0000,00,Wed Apr 12 15:10:16 2017
0001,00,Wed Apr 12 15:10:20 2017
0000,00,Wed Apr 12 15:10:25 2017
0001,00,Wed Apr 12 15:10:29 2017
0000,00,Wed Apr 12 15:10:33 2017
0000,00,Wed Apr 12 15:10:37 2017
0001,00,Wed Apr 12 15:10:42 2017
0001,00,Wed Apr 12 15:10:46 2017
0001,00,Wed Apr 12 15:10:50 2017
0001,00,Wed Apr 12 15:10:55 2017
0001,00,Wed Apr 12 15:10:59 2017
0000,00,Wed Apr 12 15:11:03 2017
0000,00,Wed Apr 12 15:11:07 2017
0001,00,Wed Apr 12 15:11:12 2017
0001,00,Wed Apr 12 15:11:16 2017
0000,00,Wed Apr 12 15:11:20 2017
0001,00,Wed Apr 12 15:11:24 2017
0001,00,Wed Apr 12 15:11:29 2017
0000,00,Wed Apr 12 15:11:33 2017
0001,00,Wed Apr 12 15:11:37 2017
0001,00,Wed Apr 12 15:11:41 2017
0001,00,Wed Apr 12 15:11:46 2017
0001,00,Wed Apr 12 15:11:50 2017
0001,00,Wed Apr 12 15:11:54 2017
0001,00,Wed Apr 12 15:11:59 2017
0000,00,Wed Apr 12 15:12:03 2017
0001,00,Wed Apr 12 15:12:07 2017
0000,00,Wed Apr 12 15:12:11 2017
0001,00,Wed Apr 12 15:12:16 2017
0001,00,Wed Apr 12 15:12:20 2017
0001,00,Wed Apr 12 15:12:24 2017
0000,00,Wed Apr 12 15:12:28 2017
0001,00,Wed Apr 12 15:12:33 2017
0000,00,Wed Apr 12 15:12:37 2017
0000,00,Wed Apr 12 15:12:41 2017
0000,00,Wed Apr 12 15:12:45 2017
0001,00,Wed Apr 12 15:12:50 2017
0001,00,Wed Apr 12 15:12:54 2017
0001,00,Wed Apr 12 15:12:58 2017
0001,00,Wed Apr 12 15:13:03 2017
0001,00,Wed Apr 12 15:13:07 2017
0001,00,Wed Apr 12 15:13:11 2017
0000,00,Wed Apr 12 15:13:15 2017
0001,00,Wed Apr 12 15:13:20 2017
0000,00,Wed Apr 12 15:13:24 2017
0000,00,Wed Apr 12 15:13:28 2017
0000,00,Wed Apr 12 15:13:32 2017
0001,00,Wed Apr 12 15:13:37 2017
0000,00,Wed Apr 12 15:13:41 2017
0000,00,Wed Apr 12 15:13:45 2017
0000,00,Wed Apr 12 15:13:49 2017
0001,00,Wed Apr 12 15:13:54 2017
0001,00,Wed Apr 12 15:13:58 2017
0001,00,Wed Apr 12 15:14:02 2017
0001,00,Wed Apr 12 15:14:07 2017
0001,00,Wed Apr 12 15:14:11 2017
0001,00,Wed Apr 12 15:14:15 2017
0000,00,Wed Apr 12 15:14:19 2017
0000,00,Wed Apr 12 15:14:24 2017
0001,00,Wed Apr 12 15:14:28 2017
0001,00,Wed Apr 12 15:14:32 2017
0001,00,Wed Apr 12 15:14:36 2017
0001,00,Wed Apr 12 15:14:41 2017
0000,00,Wed Apr 12 15:14:45 2017
0000,00,Wed Apr 12 15:14:49 2017
0000,00,Wed Apr 12 15:14:53 2017
0001,00,Wed Apr 12 15:14:58 2017
0001,00,Wed Apr 12 15:15:02 2017
0001,00,Wed Apr 12 15:15:06 2017
0001,00,Wed Apr 12 15:15:11 2017
0001,00,Wed Apr 12 15:15:15 2017
0000,00,Wed Apr 12 15:15:19 2017
0001,00,Wed Apr 12 15:15:23 2017
0001,00,Wed Apr 12 15:15:28 2017
0001,00,Wed Apr 12 15:15:32 2017
0001,00,Wed Apr 12 15:15:36 2017
0000,00,Wed Apr 12 15:15:40 2017
0001,00,Wed Apr 12 15:15:45 2017
0001,00,Wed Apr 12 15:15:49 2017
0001,00,Wed Apr 12 15:15:53 2017
0001,00,Wed Apr 12 15:15:57 2017
0001,00,Wed Apr 12 15:16:02 2017
0000,00,Wed Apr 12 15:16:06 2017
0001,00,Wed Apr 12 15:16:10 2017
0001,00,Wed Apr 12 15:16:15 2017
0000,00,Wed Apr 12 15:16:19 2017
0001,00,Wed Apr 12 15:16:23 2017
0000,00,Wed Apr 12 15:16:27 2017
0000,00,Wed Apr 12 15:16:32 2017
0001,00,Wed Apr 12 15:16:36 2017
0001,00,Wed Apr 12 15:16:40 2017
0001,00,Wed Apr 12 15:16:44 2017
0001,00,Wed Apr 12 15:16:49 2017
0001,00,Wed Apr 12 15:16:53 2017
0001,00,Wed Apr 12 15:16:57 2017
0000,00,Wed Apr 12 15:17:01 2017
0001,00,Wed Apr 12 15:17:06 2017
0001,00,Wed Apr 12 15:17:10 2017
0000,00,Wed Apr 12 15:17:14 2017
0001,00,Wed Apr 12 15:17:19 2017
0001,00,Wed Apr 12 15:17:23 2017
0001,00,Wed Apr 12 15:17:27 2017
0001,00,Wed Apr 12 15:17:31 2017
0001,00,Wed Apr 12 15:17:36 2017
0000,00,Wed Apr 12 15:17:40 2017
0001,00,Wed Apr 12 15:17:44 2017
0000,00,Wed Apr 12 15:17:48 2017
0001,00,Wed Apr 12 15:17:53 2017
0000,00,Wed Apr 12 15:17:57 2017
0001,00,Wed Apr 12 15:18:01 2017
0000,00,Wed Apr 12 15:18:05 2017
0000,00,Wed Apr 12 15:18:10 2017
0000,00,Wed Apr 12 15:18:14 2017
0001,00,Wed Apr 12 15:18:18 2017
0001,00,Wed Apr 12 15:18:23 2017
0000,00,Wed Apr 12 15:18:27 2017
0001,00,Wed Apr 12 15:18:31 2017
0000,00,Wed Apr 12 15:18:35 2017
0001,00,Wed Apr 12 15:18:40 2017
0000,00,Wed Apr 12 15:18:44 2017
0001,00,Wed Apr 12 15:18:48 2017
0001,00,Wed Apr 12 15:18:52 2017
0001,00,Wed Apr 12 15:18:57 2017
0000,00,Wed Apr 12 15:19:01 2017
0001,00,Wed Apr 12 15:19:05 2017
0001,00,Wed Apr 12 15:19:09 2017
0001,00,Wed Apr 12 15:19:14 2017
0001,00,Wed Apr 12 15:19:18 2017
0001,00,Wed Apr 12 15:19:22 2017
0001,00,Wed Apr 12 15:19:27 2017
0001,00,Wed Apr 12 15:19:31 2017
0001,00,Wed Apr 12 15:19:35 2017
0000,00,Wed Apr 12 15:19:39 2017
0000,00,Wed Apr 12 15:19:44 2017
0001,00,Wed Apr 12 15:19:48 2017
0001,00,Wed Apr 12 15:19:52 2017
0001,00,Wed Apr 12 15:19:56 2017
0001,00,Wed Apr 12 15:20:01 2017
0001,00,Wed Apr 12 15:20:05 2017
0000,00,Wed Apr 12 15:20:09 2017
0000,00,Wed Apr 12 15:20:13 2017
0001,00,Wed Apr 12 15:20:18 2017
0001,00,Wed Apr 12 15:20:22 2017
0001,00,Wed Apr 12 15:20:26 2017
0001,00,Wed Apr 12 15:20:31 2017
0001,00,Wed Apr 12 15:20:35 2017
0001,00,Wed Apr 12 15:20:39 2017
0000,00,Wed Apr 12 15:20:43 2017
0001,00,Wed Apr 12 15:20:48 2017
0000,00,Wed Apr 12 15:20:52 2017
0000,00,Wed Apr 12 15:20:56 2017
0001,00,Wed Apr 12 15:21:00 2017
0000,00,Wed Apr 12 15:21:05 2017
0001,00,Wed Apr 12 15:21:09 2017
0001,00,Wed Apr 12 15:21:13 2017
0001,00,Wed Apr 12 15:21:17 2017
0001,00,Wed Apr 12 15:21:22 2017
0001,00,Wed Apr 12 15:21:26 2017
0000,00,Wed Apr 12 15:21:30 2017
0000,00,Wed Apr 12 15:21:35 2017
0001,00,Wed Apr 12 15:21:39 2017
0001,00,Wed Apr 12 15:21:43 2017
0001,00,Wed Apr 12 15:21:47 2017
0000,00,Wed Apr 12 15:21:52 2017
0001,00,Wed Apr 12 15:21:56 2017
0000,00,Wed Apr 12 15:22:00 2017
0001,00,Wed Apr 12 15:22:04 2017
0001,00,Wed Apr 12 15:22:09 2017
0001,00,Wed Apr 12 15:22:13 2017
0000,00,Wed Apr 12 15:22:17 2017
0001,00,Wed Apr 12 15:22:21 2017
0000,00,Wed Apr 12 15:22:26 2017
0001,00,Wed Apr 12 15:22:30 2017
0001,00,Wed Apr 12 15:22:34 2017
0001,00,Wed Apr 12 15:22:39 2017
0000,00,Wed Apr 12 15:22:43 2017
0001,00,Wed Apr 12 15:22:47 2017
0001,00,Wed Apr 12 15:22:51 2017
0001,00,Wed Apr 12 15:22:56 2017
0001,00,Wed Apr 12 15:23:00 2017
0001,00,Wed Apr 12 15:23:04 2017
0000,00,Wed Apr 12 15:23:08 2017
0001,00,Wed Apr 12 15:23:13 2017
0001,00,Wed Apr 12 15:23:17 2017
0001,00,Wed Apr 12 15:23:21 2017
0001,00,Wed Apr 12 15:23:25 2017
0001,00,Wed Apr 12 15:23:30 2017
0001,00,Wed Apr 12 15:23:34 2017
0001,00,Wed Apr 12 15:23:38 2017
0001,00,Wed Apr 12 15:23:43 2017
0001,00,Wed Apr 12 15:23:47 2017
0000,00,Wed Apr 12 15:23:51 2017
0001,00,Wed Apr 12 15:23:55 2017
0001,00,Wed Apr 12 15:24:00 2017
0001,00,Wed Apr 12 15:24:04 2017
0000,00,Wed Apr 12 15:24:08 2017
0000,00,Wed Apr 12 15:24:12 2017
0001,00,Wed Apr 12 15:24:17 2017
0000,00,Wed Apr 12 15:24:21 2017
0001,00,Wed Apr 12 15:24:25 2017
0001,00,Wed Apr 12 15:24:29 2017
0001,00,Wed Apr 12 15:24:34 2017
0001,00,Wed Apr 12 15:24:38 2017
0000,00,Wed Apr 12 15:24:42 2017
0001,00,Wed Apr 12 15:24:47 2017
0001,00,Wed Apr 12 15:24:51 2017
0001,00,Wed Apr 12 15:24:55 2017
0001,00,Wed Apr 12 15:24:59 2017
0001,00,Wed Apr 12 15:25:04 2017
0000,00,Wed Apr 12 15:25:08 2017
0001,00,Wed Apr 12 15:25:12 2017
0000,00,Wed Apr 12 15:25:16 2017
0001,00,Wed Apr 12 15:25:21 2017
0000,00,Wed Apr 12 15:25:25 2017
0001,00,Wed Apr 12 15:25:29 2017
